<coordinator-app name="RunJobs"
    frequency="${coord:hours(1)}"
    start="2017-06-30T00:00Z"
    end="2017-07-31T23:59Z"
    timezone="JST"
    xmlns="uri:oozie:coordinator:0.1"> 
  <controls>
    <concurrency>1</concurrency><!-- 동시에 실행할 수 있는 작업 흐름 개수 지정 -->
  </controls> 
  <action>
    <workflow>
      <app-path>${nameNode}/${appPath}</app-path>
      <configuration>
        <property>
          <name>jobTracker</name>
          <value>${jobTracker}</value>
        </property>
        <property>
          <name>nameNode</name>
          <value>${nameNode}</value>
        </property>
        <property>
          <name>queueName</name>
          <value>${queueName}</value>
        </property>
        <!--<property>
          <name>outputDir</name>
          <value>${nameNode}/user/movios/variable</value>
        </property> -->
      </configuration>
    </workflow>
  </action>
</coordinator-app>