  <configuration>
    
    <property>
      <name>oozie.authentication.simple.anonymous.allowed</name>
      <value>true</value>
    </property>
    
    <property>
      <name>oozie.authentication.type</name>
      <value>simple</value>
    </property>
    
    <property>
      <name>oozie.base.url</name>
      <value>http://mobig02.movios.com:11000/oozie</value>
    </property>
    
    <property>
      <name>oozie.credentials.credentialclasses</name>
      <value>hcat=org.apache.oozie.action.hadoop.HCatCredentials,hive2=org.apache.oozie.action.hadoop.Hive2Credentials</value>
    </property>
    
    <property>
      <name>oozie.db.schema.name</name>
      <value>oozie</value>
    </property>
    
    <property>
      <name>oozie.service.AuthorizationService.security.enabled</name>
      <value>true</value>
    </property>
    
    <property>
      <name>oozie.service.HadoopAccessorService.hadoop.configurations</name>
      <value>*=/usr/hdp/current/hadoop-client/conf</value>
    </property>
    
    <property>
      <name>oozie.service.HadoopAccessorService.kerberos.enabled</name>
      <value>false</value>
    </property>
    
    <property>
      <name>oozie.service.JPAService.jdbc.driver</name>
      <value>org.apache.derby.jdbc.EmbeddedDriver</value>
    </property>
    
    <property>
      <name>oozie.service.JPAService.jdbc.password</name>
      <value>oozie</value>
    </property>
    
    <property>
      <name>oozie.service.JPAService.jdbc.url</name>
      <value>jdbc:derby:${oozie.data.dir}/${oozie.db.schema.name}-db;create=true</value>
    </property>
    
    <property>
      <name>oozie.service.JPAService.jdbc.username</name>
      <value>oozie</value>
    </property>
    
    <property>
      <name>oozie.service.URIHandlerService.uri.handlers</name>
      <value>org.apache.oozie.dependency.FSURIHandler,org.apache.oozie.dependency.HCatURIHandler</value>
    </property>
    
    <property>
      <name>oozie.services.ext</name>
      <value>
      org.apache.oozie.service.JMSAccessorService,org.apache.oozie.service.PartitionDependencyManagerService,org.apache.oozie.service.HCatAccessorService</value>
    </property>
    
  </configuration>