<workflow-app name="movios" xmlns="uri:oozie:workflow:0.5">
 <start to="RunSqoopImport"/>
    <action name="RunSqoopImport">
       <shell xmlns="uri:oozie:shell-action:0.1">
            <job-tracker>${jobTracker}</job-tracker>
            <name-node>${nameNode}</name-node>
            <prepare>
                <delete path="/user/movios/mvno_req_data/*"/>
            </prepare>
            <configuration>
                <property>
                    <name>mapred.job.queue.name</name>
                    <value>${queueName}</value>
                    <!--<name>mapred.compress.map.output</name>
                    <value>true</value> -->
                </property>
            </configuration>
            <exec>sqoop_import.sh</exec>
            <!--<argument>${url}</argument>-->
            <file>sqoop_import.sh</file>
            <capture-output/>
        </shell>
    <ok to="RunHiveExport"/>
    <error to="fail"/>
    </action>
    <action name="RunHiveExport">
        <java>
            <job-tracker>${jobTracker}</job-tracker>
            <name-node>${nameNode}</name-node>
            <!--<prepare>
                <delete path="/user/movios/mvno_rslt_data/test"/>
            </prepare>-->
            <configuration>
               <property>
                    <name>mapred.job.queue.name</name>
                    <value>${queueName}</value>
                </property>
            </configuration>
            <main-class>mobig.MobigRequest</main-class>
            <arg>${wf:actionData('RunSqoopImport')['now']}</arg>
            <capture-output />
        </java>        
        <ok to="end"/>
   		<error to="fail"/>
    </action>
    <kill name="fail">
   	    <message>Action failed, error message[${wf:errorMessage(wf:lastErrorNode())}]</message>
  	</kill>
 <end name="end"/>
</workflow-app>