<workflow-app name="movios" xmlns="uri:oozie:workflow:0.5">
 <start to="RunHiveImport"/>
    <action name="RunHiveImport">
        <hive2 xmlns="uri:oozie:hive2-action:0.1">
            <job-tracker>${jobTracker}</job-tracker>
            <name-node>${nameNode}</name-node>
            <configuration>
                <property>
                    <name>mapred.job.queue.name</name>
                    <value>${queueName}</value>
                </property>
            </configuration>
            <jdbc-url>jdbc:hive2://mobig02.movios.com:10000/</jdbc-url>            
            <script>myscript.q</script>
            <param>OutputDir=/user/movios/mvno_req_data</param>            
        </hive2>
        <ok to="RunHiveExport"/>
        <error to="fail"/>
    </action>
    <action name="RunHiveExport">
        <java>
            <job-tracker>${jobTracker}</job-tracker>
            <name-node>${nameNode}</name-node>
            <prepare>
                <delete path="/user/movios/mvno_rslt_data/test"/>
            </prepare>
            <configuration>
               <property>
                    <name>mapred.job.queue.name</name>
                    <value>${queueName}</value>
                </property>
            </configuration>
            <main-class>mobig.MobigRequest</main-class>
        </java>        
        <ok to="end"/>
   		<error to="fail"/>
    </action>
    <kill name="fail">
   	    <message>Action failed, error message[${wf:errorMessage(wf:lastErrorNode())}]</message>
  	</kill>
 <end name="end"/>
</workflow-app>