<workflow-app name="movios" xmlns="uri:oozie:workflow:0.5">
 <start to="RunHiveExport"/>
    <action name="RunHiveExport">
        <shell xmlns="uri:oozie:shell-action:0.1">
            <job-tracker>${jobTracker}</job-tracker>
            <name-node>${nameNode}</name-node>
        <configuration>
            <property>
                <name>mapred.job.queue.name</name>
                <value>${queueName}</value>
            </property>
        </configuration>
        <exec>test.sh</exec>
        <!--<env-var>HADOOP_USER_NAME=${wf:user()}</env-var>-->
        <file>test.sh</file>
        <capture-output/>
        </shell>        
        <ok to="end"/>
   		<error to="fail"/>
    </action>
    <kill name="fail">
   	    <message>Action failed, error message[${wf:errorMessage(wf:lastErrorNode())}]</message>
  	</kill>
 <end name="end"/>
</workflow-app>