<workflow-app name="seoullandinfo" xmlns="uri:oozie:workflow:0.5">
 <start to="mr-node"/>
    <action name="movios">
        <hive2 xmlns="uri:oozie:hive2-action:0.1"> 
            <job-tracker>${jobTracker}</job-tracker>
            <name-node>${nameNode}</name-node>
            <prepare>
                <!-- 임의정의 : ${nameNode}/hdfs_dir/examples/output-data/${outputDir} -->
                <delete path="/user/movios/result"/>
            </prepare>
            <configuration>
                <property>
                    <name>mapred.job.queue.name</name>
                    <value>${queueName}</value>
                </property>
            </configuration>
            <jdbc-url>jdbc:hive2://bi-hadoop-prod-4155.bi.services.us-south.bluemix.net:10000/default;ssl=true</jdbc-url>
            <password>movios20170517</password>
            <script>hiveTest_20170626.hql</script>
            <!-- <param>InputDir=/user/movios/input</param> -->
            <param>OutputDir=/user/movios/result</param>
        </hive2>
        <ok to="end"/>
   		<error to="fail"/>
    </action>
    <kill name="fail">
   	    <message>Map/Reduce failed, error message[${wf:errorMessage(wf:lastErrorNode())}]</message>
  	</kill>
 <end name="end"/>
</workflow-app>