<workflow-app name="movios" xmlns="uri:oozie:workflow:0.5">
 <start to="RunSqoopImport"/>
    <action name="RunSqoopImport">
       <shell xmlns="uri:oozie:shell-action:0.2">
            <job-tracker>${jobTracker}</job-tracker>
            <name-node>${nameNode}</name-node>
            <exec>test_hive.sh</exec>
            <env-var>HADOOP_USER_NAME=${wf:user()}</env-var>
            <file>${nameNode}/${appPath}/test_hive.sh</file>
            <capture-output/>
        </shell>
    <ok to="end"/>
    <error to="fail"/>
    </action>
    <kill name="fail">
   	    <message>Action failed, error message[${wf:errorMessage(wf:lastErrorNode())}]</message>
  	</kill>
 <end name="end"/>
</workflow-app> 